n.name,a.name,b.name,c.name,d.name,z.name
OSMO,axlUSDC,wETH,USK,axlUSDC,ATOM
OSMO,axlUSDC,STARS,USK,axlUSDC,ATOM
OSMO,axlUSDC,DOT,USK,axlUSDC,ATOM
OSMO,axlUSDC,SCRT,USK,axlUSDC,ATOM
OSMO,axlUSDC,KUJI,USK,axlUSDC,ATOM
OSMO,axlUSDC,USK,STARS,axlUSDC,ATOM
OSMO,axlUSDC,USK,DOT,axlUSDC,ATOM
OSMO,axlUSDC,USK,KUJI,axlUSDC,ATOM
OSMO,axlUSDC,USK,wETH,axlUSDC,ATOM
OSMO,axlUSDC,wETH,USK,KUJI,ATOM
OSMO,axlUSDC,STARS,USK,KUJI,ATOM
OSMO,axlUSDC,DOT,USK,KUJI,ATOM
OSMO,axlUSDC,SCRT,USK,KUJI,ATOM
OSMO,axlUSDC,USK,KUJI,LP KUJI-ATOM,ATOM
OSMO,axlUSDC,STARS,USK,ATOM
OSMO,axlUSDC,SCRT,USK,ATOM
OSMO,axlUSDC,DOT,USK,ATOM
OSMO,axlUSDC,wETH,USK,ATOM
OSMO,axlUSDC,KUJI,USK,ATOM
OSMO,axlUSDC,KUJI,LP KUJI-ATOM,ATOM
OSMO,axlUSDC,USK,KUJI,ATOM
OSMO,axlUSDC,KUJI,ATOM
OSMO,axlUSDC,USK,ATOM
OSMO,axlUSDC,ATOM