a.name,b.name
KUJI,ATOM
KUJI,axlUSDC
ATOM,KUJI
ATOM,axlUSDC
axlUSDC,ATOM
axlUSDC,KUJI
KUJI,axlUSDC,ATOM
axlUSDC,OSMO,ATOM
axlUSDC,KUJI,ATOM
ATOM,OSMO,axlUSDC
ATOM,KUJI,axlUSDC
KUJI,ATOM,axlUSDC
axlUSDC,ATOM,KUJI
ATOM,axlUSDC,KUJI
KUJI,ATOM,OSMO,axlUSDC
KUJI,ATOM,axlUSDC,KUJI
KUJI,axlUSDC,ATOM,KUJI
KUJI,axlUSDC,OSMO,ATOM
ATOM,KUJI,axlUSDC,ATOM
ATOM,OSMO,axlUSDC,ATOM
ATOM,OSMO,axlUSDC,KUJI
ATOM,axlUSDC,OSMO,ATOM
ATOM,axlUSDC,KUJI,ATOM
axlUSDC,ATOM,KUJI,axlUSDC
axlUSDC,ATOM,OSMO,axlUSDC
axlUSDC,OSMO,ATOM,axlUSDC
axlUSDC,OSMO,ATOM,KUJI
axlUSDC,KUJI,ATOM,axlUSDC